[
  {
    "id": "4f021dea-a44d-455d-a912-d044b6bdacbe",
    "data": [
      {
        "text": "I have a ",
        "userDefined": false
      },
      {
        "text": "problem",
        "alias": "category",
        "meta": "@category",
        "userDefined": false
      },
      {
        "text": " with my laptop",
        "userDefined": false
      }
    ],
    "isTemplate": false,
    "count": 0,
    "updated": 1540937843
  },
  {
    "id": "dd03a5bf-feb6-4a91-b002-ee3a17ab8a10",
    "data": [
      {
        "text": "My printer ",
        "userDefined": false
      },
      {
        "text": "isn\u0027t working",
        "alias": "category",
        "meta": "@category",
        "userDefined": true
      }
    ],
    "isTemplate": false,
    "count": 0,
    "updated": 1540937843
  },
  {
    "id": "13fb381c-e0a3-49c3-92b7-f31f4ab661e2",
    "data": [
      {
        "text": "My printer is ",
        "userDefined": false
      },
      {
        "text": "slow",
        "alias": "category",
        "meta": "@category",
        "userDefined": false
      }
    ],
    "isTemplate": false,
    "count": 0,
    "updated": 1540937741
  },
  {
    "id": "6bfffdfe-3ab1-4d7d-8540-c49993e33f63",
    "data": [
      {
        "text": "I need a ",
        "userDefined": false
      },
      {
        "text": "software",
        "alias": "category",
        "meta": "@category",
        "userDefined": false
      },
      {
        "text": " license",
        "userDefined": false
      }
    ],
    "isTemplate": false,
    "count": 0,
    "updated": 1540937741
  },
  {
    "id": "617d2edc-9639-4a17-bfa6-7d555422cc7b",
    "data": [
      {
        "text": "I have a ",
        "userDefined": false
      },
      {
        "text": "slow computer",
        "alias": "category",
        "meta": "@category",
        "userDefined": false
      }
    ],
    "isTemplate": false,
    "count": 0,
    "updated": 1540937741
  },
  {
    "id": "34dc244d-afb9-4b8e-be90-5aaf532d0a7e",
    "data": [
      {
        "text": "This is an ",
        "userDefined": false
      },
      {
        "text": "Authentication",
        "alias": "category",
        "meta": "@category",
        "userDefined": true
      },
      {
        "text": " request",
        "userDefined": false
      }
    ],
    "isTemplate": false,
    "count": 0,
    "updated": 1540937741
  },
  {
    "id": "1c0c4b64-b4cd-407f-9bf3-9e4b8b3cf41f",
    "data": [
      {
        "text": "It falls under ",
        "userDefined": false
      },
      {
        "text": "Billing",
        "alias": "category",
        "meta": "@category",
        "userDefined": true
      }
    ],
    "isTemplate": false,
    "count": 0,
    "updated": 1540937741
  }
]