[
  {
    "id": "f30fb516-fe48-4648-aebb-eb0aa7f8d0e5",
    "data": [
      {
        "text": "John",
        "alias": "defined-name",
        "meta": "@defined-name",
        "userDefined": false
      }
    ],
    "isTemplate": false,
    "count": 0,
    "updated": 1546987559
  },
  {
    "id": "41b3e6f1-e9d6-47b7-b059-25253d822d94",
    "data": [
      {
        "text": "Greg",
        "alias": "defined-name",
        "meta": "@defined-name",
        "userDefined": false
      }
    ],
    "isTemplate": false,
    "count": 0,
    "updated": 1546987258
  },
  {
    "id": "18d86797-a2a9-4e8b-ab3c-5948e23c972d",
    "data": [
      {
        "text": "My name is ",
        "userDefined": false
      },
      {
        "text": "Lily",
        "alias": "defined-name",
        "meta": "@defined-name",
        "userDefined": false
      }
    ],
    "isTemplate": false,
    "count": 0,
    "updated": 1546987258
  },
  {
    "id": "386f3bbe-7cbb-4ead-ae30-74c72abd7e64",
    "data": [
      {
        "text": "I am ",
        "userDefined": false
      },
      {
        "text": "bob",
        "alias": "defined-name",
        "meta": "@defined-name",
        "userDefined": false
      }
    ],
    "isTemplate": false,
    "count": 0,
    "updated": 1546987258
  }
]