[
  {
    "id": "3a043611-dba6-4281-bda8-d4edf215fc95",
    "data": [
      {
        "text": "There is a virus on my computer",
        "userDefined": false
      }
    ],
    "isTemplate": false,
    "count": 0,
    "updated": 1540925051
  },
  {
    "id": "94567cc7-ad38-4daa-ad45-e97fdc1a214a",
    "data": [
      {
        "text": "I have an access problem",
        "userDefined": false
      }
    ],
    "isTemplate": false,
    "count": 0,
    "updated": 1540925051
  },
  {
    "id": "b7f7c6d8-fdff-4cf1-8f46-2965c37bbaed",
    "data": [
      {
        "text": "There is a problem with my computer",
        "userDefined": false
      }
    ],
    "isTemplate": false,
    "count": 0,
    "updated": 1540925051
  },
  {
    "id": "95134e89-e57d-4f37-902f-03e8507c96f7",
    "data": [
      {
        "text": "I have a problem",
        "userDefined": false
      }
    ],
    "isTemplate": false,
    "count": 0,
    "updated": 1540925051
  },
  {
    "id": "5f580f8c-fbff-44b2-86c2-6a04f9c6e187",
    "data": [
      {
        "text": "I want to submit a ticket",
        "userDefined": false
      }
    ],
    "isTemplate": false,
    "count": 0,
    "updated": 1540925051
  },
  {
    "id": "6dc75b54-9e55-423b-b9ca-d9492b97b716",
    "data": [
      {
        "text": "issue",
        "userDefined": false
      }
    ],
    "isTemplate": false,
    "count": 0,
    "updated": 1540925051
  },
  {
    "id": "e884b2ad-3a84-400b-b06e-2c524b30afb0",
    "data": [
      {
        "text": "problem",
        "userDefined": false
      }
    ],
    "isTemplate": false,
    "count": 0,
    "updated": 1540925051
  },
  {
    "id": "b532d19a-4e15-41f7-8a36-c3e3b5d6e3cc",
    "data": [
      {
        "text": "submit ticket",
        "userDefined": false
      }
    ],
    "isTemplate": false,
    "count": 0,
    "updated": 1540925051
  },
  {
    "id": "f27fe9c8-495f-4bcc-8472-ba08d13750ce",
    "data": [
      {
        "text": "ticket",
        "userDefined": false
      }
    ],
    "isTemplate": false,
    "count": 0,
    "updated": 1540925051
  }
]